-- MySQL dump 10.13  Distrib 8.0.19, for Win64 (x86_64)
--
-- Host: localhost    Database: dramaland
-- ------------------------------------------------------
-- Server version	8.0.19

/*!40101 SET @OLD_CHARACTER_SET_CLIENT=@@CHARACTER_SET_CLIENT */;
/*!40101 SET @OLD_CHARACTER_SET_RESULTS=@@CHARACTER_SET_RESULTS */;
/*!40101 SET @OLD_COLLATION_CONNECTION=@@COLLATION_CONNECTION */;
/*!50503 SET NAMES utf8mb4 */;
/*!40103 SET @OLD_TIME_ZONE=@@TIME_ZONE */;
/*!40103 SET TIME_ZONE='+00:00' */;
/*!40014 SET @OLD_UNIQUE_CHECKS=@@UNIQUE_CHECKS, UNIQUE_CHECKS=0 */;
/*!40014 SET @OLD_FOREIGN_KEY_CHECKS=@@FOREIGN_KEY_CHECKS, FOREIGN_KEY_CHECKS=0 */;
/*!40101 SET @OLD_SQL_MODE=@@SQL_MODE, SQL_MODE='NO_AUTO_VALUE_ON_ZERO' */;
/*!40111 SET @OLD_SQL_NOTES=@@SQL_NOTES, SQL_NOTES=0 */;

--
-- Table structure for table `company`
--

DROP TABLE IF EXISTS `company`;
/*!40101 SET @saved_cs_client     = @@character_set_client */;
/*!50503 SET character_set_client = utf8mb4 */;
CREATE TABLE `company` (
  `company_id` int NOT NULL,
  `company_name` varchar(100) NOT NULL,
  PRIMARY KEY (`company_id`)
) ENGINE=InnoDB DEFAULT CHARSET=utf8mb4 COLLATE=utf8mb4_0900_ai_ci;
/*!40101 SET character_set_client = @saved_cs_client */;

--
-- Dumping data for table `company`
--

LOCK TABLES `company` WRITE;
/*!40000 ALTER TABLE `company` DISABLE KEYS */;
/*!40000 ALTER TABLE `company` ENABLE KEYS */;
UNLOCK TABLES;

--
-- Table structure for table `drama_crew`
--

DROP TABLE IF EXISTS `drama_crew`;
/*!40101 SET @saved_cs_client     = @@character_set_client */;
/*!50503 SET character_set_client = utf8mb4 */;
CREATE TABLE `drama_crew` (
  `drama_id` int NOT NULL,
  `role_id` int NOT NULL,
  `person_id` int NOT NULL,
  KEY `dc_drama_id_idx` (`drama_id`),
  KEY `dc_person_id_idx` (`person_id`),
  KEY `dc_role_id_idx` (`role_id`),
  CONSTRAINT `dc_drama_id` FOREIGN KEY (`drama_id`) REFERENCES `dramas` (`drama_id`),
  CONSTRAINT `dc_person_id` FOREIGN KEY (`person_id`) REFERENCES `person` (`person_id`),
  CONSTRAINT `dc_role_id` FOREIGN KEY (`role_id`) REFERENCES `role` (`role_id`)
) ENGINE=InnoDB DEFAULT CHARSET=utf8mb4 COLLATE=utf8mb4_0900_ai_ci;
/*!40101 SET character_set_client = @saved_cs_client */;

--
-- Dumping data for table `drama_crew`
--

LOCK TABLES `drama_crew` WRITE;
/*!40000 ALTER TABLE `drama_crew` DISABLE KEYS */;
INSERT INTO `drama_crew` VALUES (1,1,2),(2,1,1),(3,3,1);
/*!40000 ALTER TABLE `drama_crew` ENABLE KEYS */;
UNLOCK TABLES;

--
-- Table structure for table `drama_genre`
--

DROP TABLE IF EXISTS `drama_genre`;
/*!40101 SET @saved_cs_client     = @@character_set_client */;
/*!50503 SET character_set_client = utf8mb4 */;
CREATE TABLE `drama_genre` (
  `drama_id` int NOT NULL,
  `genre_id` int NOT NULL,
  KEY `drama_id_idx` (`drama_id`),
  KEY `genre_id_idx` (`genre_id`),
  CONSTRAINT `drama_id` FOREIGN KEY (`drama_id`) REFERENCES `dramas` (`drama_id`),
  CONSTRAINT `genre_id` FOREIGN KEY (`genre_id`) REFERENCES `genre` (`genre_id`)
) ENGINE=InnoDB DEFAULT CHARSET=utf8mb4 COLLATE=utf8mb4_0900_ai_ci;
/*!40101 SET character_set_client = @saved_cs_client */;

--
-- Dumping data for table `drama_genre`
--

LOCK TABLES `drama_genre` WRITE;
/*!40000 ALTER TABLE `drama_genre` DISABLE KEYS */;
INSERT INTO `drama_genre` VALUES (1,2),(2,1);
/*!40000 ALTER TABLE `drama_genre` ENABLE KEYS */;
UNLOCK TABLES;

--
-- Table structure for table `drama_photo`
--

DROP TABLE IF EXISTS `drama_photo`;
/*!40101 SET @saved_cs_client     = @@character_set_client */;
/*!50503 SET character_set_client = utf8mb4 */;
CREATE TABLE `drama_photo` (
  `photo_id` int NOT NULL,
  `photo_size` blob NOT NULL,
  `photo_name` varchar(100) NOT NULL,
  `drama_id` int NOT NULL,
  PRIMARY KEY (`photo_id`),
  KEY `fk_Photo_dramas1_idx` (`drama_id`),
  CONSTRAINT `fk_drama_id2` FOREIGN KEY (`drama_id`) REFERENCES `dramas` (`drama_id`) ON DELETE CASCADE
) ENGINE=InnoDB DEFAULT CHARSET=utf8mb4 COLLATE=utf8mb4_0900_ai_ci;
/*!40101 SET character_set_client = @saved_cs_client */;

--
-- Dumping data for table `drama_photo`
--

LOCK TABLES `drama_photo` WRITE;
/*!40000 ALTER TABLE `drama_photo` DISABLE KEYS */;
/*!40000 ALTER TABLE `drama_photo` ENABLE KEYS */;
UNLOCK TABLES;

--
-- Table structure for table `dramas`
--

DROP TABLE IF EXISTS `dramas`;
/*!40101 SET @saved_cs_client     = @@character_set_client */;
/*!50503 SET character_set_client = utf8mb4 */;
CREATE TABLE `dramas` (
  `drama_id` int NOT NULL AUTO_INCREMENT,
  `title` varchar(100) NOT NULL,
  `description` varchar(500) NOT NULL,
  `released_date` date NOT NULL,
  PRIMARY KEY (`drama_id`)
) ENGINE=InnoDB AUTO_INCREMENT=5 DEFAULT CHARSET=utf8mb4 COLLATE=utf8mb4_0900_ai_ci;
/*!40101 SET character_set_client = @saved_cs_client */;

--
-- Dumping data for table `dramas`
--

LOCK TABLES `dramas` WRITE;
/*!40000 ALTER TABLE `dramas` DISABLE KEYS */;
INSERT INTO `dramas` VALUES (1,'Vagabond','This is an action drama bla bla','2019-03-22'),(2,'Boys Over Flower','This is the drama based on student life','2009-03-19'),(3,'I am your teacher','abcdefg','2007-03-19');
/*!40000 ALTER TABLE `dramas` ENABLE KEYS */;
UNLOCK TABLES;

--
-- Table structure for table `episodes`
--

DROP TABLE IF EXISTS `episodes`;
/*!40101 SET @saved_cs_client     = @@character_set_client */;
/*!50503 SET character_set_client = utf8mb4 */;
CREATE TABLE `episodes` (
  `episode_id` int NOT NULL AUTO_INCREMENT,
  `episode_name` varchar(100) NOT NULL,
  `runtime` varchar(10) NOT NULL,
  `season_id` int NOT NULL,
  PRIMARY KEY (`episode_id`),
  KEY `fk_season_id_idx` (`season_id`),
  CONSTRAINT `fk_season_id` FOREIGN KEY (`season_id`) REFERENCES `seasons` (`season_id`)
) ENGINE=InnoDB AUTO_INCREMENT=3 DEFAULT CHARSET=utf8mb4 COLLATE=utf8mb4_0900_ai_ci;
/*!40101 SET character_set_client = @saved_cs_client */;

--
-- Dumping data for table `episodes`
--

LOCK TABLES `episodes` WRITE;
/*!40000 ALTER TABLE `episodes` DISABLE KEYS */;
INSERT INTO `episodes` VALUES (1,'episode-1','120s',1),(2,'episode-2','130s',1);
/*!40000 ALTER TABLE `episodes` ENABLE KEYS */;
UNLOCK TABLES;

--
-- Table structure for table `genre`
--

DROP TABLE IF EXISTS `genre`;
/*!40101 SET @saved_cs_client     = @@character_set_client */;
/*!50503 SET character_set_client = utf8mb4 */;
CREATE TABLE `genre` (
  `genre_id` int NOT NULL AUTO_INCREMENT,
  `genre_type` varchar(50) NOT NULL,
  PRIMARY KEY (`genre_id`)
) ENGINE=InnoDB AUTO_INCREMENT=6 DEFAULT CHARSET=utf8mb4 COLLATE=utf8mb4_0900_ai_ci;
/*!40101 SET character_set_client = @saved_cs_client */;

--
-- Dumping data for table `genre`
--

LOCK TABLES `genre` WRITE;
/*!40000 ALTER TABLE `genre` DISABLE KEYS */;
INSERT INTO `genre` VALUES (1,'romance'),(2,'action'),(3,'comedy'),(4,'ro-com'),(5,'comedy');
/*!40000 ALTER TABLE `genre` ENABLE KEYS */;
UNLOCK TABLES;

--
-- Table structure for table `person`
--

DROP TABLE IF EXISTS `person`;
/*!40101 SET @saved_cs_client     = @@character_set_client */;
/*!50503 SET character_set_client = utf8mb4 */;
CREATE TABLE `person` (
  `person_id` int NOT NULL AUTO_INCREMENT,
  `first_name` varchar(20) NOT NULL,
  `last_name` varchar(20) NOT NULL,
  `nationality` varchar(100) NOT NULL,
  `date_of_birth` date NOT NULL,
  PRIMARY KEY (`person_id`)
) ENGINE=InnoDB AUTO_INCREMENT=3 DEFAULT CHARSET=utf8mb4 COLLATE=utf8mb4_0900_ai_ci;
/*!40101 SET character_set_client = @saved_cs_client */;

--
-- Dumping data for table `person`
--

LOCK TABLES `person` WRITE;
/*!40000 ALTER TABLE `person` DISABLE KEYS */;
INSERT INTO `person` VALUES (1,'Min Ho','Lee','Korean','1986-06-02'),(2,'Seung Gi','Lee','Korean','1987-02-06');
/*!40000 ALTER TABLE `person` ENABLE KEYS */;
UNLOCK TABLES;

--
-- Table structure for table `person_photo`
--

DROP TABLE IF EXISTS `person_photo`;
/*!40101 SET @saved_cs_client     = @@character_set_client */;
/*!50503 SET character_set_client = utf8mb4 */;
CREATE TABLE `person_photo` (
  `photo_id` int NOT NULL,
  `photo_size` blob NOT NULL,
  `photo_name` varchar(50) NOT NULL,
  `person_id` int NOT NULL,
  PRIMARY KEY (`photo_id`),
  KEY `fk_person_id_idx` (`person_id`),
  CONSTRAINT `fk_person_id1` FOREIGN KEY (`person_id`) REFERENCES `person` (`person_id`) ON DELETE CASCADE
) ENGINE=InnoDB DEFAULT CHARSET=utf8mb4 COLLATE=utf8mb4_0900_ai_ci;
/*!40101 SET character_set_client = @saved_cs_client */;

--
-- Dumping data for table `person_photo`
--

LOCK TABLES `person_photo` WRITE;
/*!40000 ALTER TABLE `person_photo` DISABLE KEYS */;
/*!40000 ALTER TABLE `person_photo` ENABLE KEYS */;
UNLOCK TABLES;

--
-- Table structure for table `production_company`
--

DROP TABLE IF EXISTS `production_company`;
/*!40101 SET @saved_cs_client     = @@character_set_client */;
/*!50503 SET character_set_client = utf8mb4 */;
CREATE TABLE `production_company` (
  `company_id` int NOT NULL,
  `drama_id` int NOT NULL,
  KEY `fk_company_id_idx` (`company_id`),
  KEY `fk_drama_id_idx` (`drama_id`),
  CONSTRAINT `fk_company_id` FOREIGN KEY (`company_id`) REFERENCES `company` (`company_id`),
  CONSTRAINT `fk_drama_id4` FOREIGN KEY (`drama_id`) REFERENCES `dramas` (`drama_id`)
) ENGINE=InnoDB DEFAULT CHARSET=utf8mb4 COLLATE=utf8mb4_0900_ai_ci;
/*!40101 SET character_set_client = @saved_cs_client */;

--
-- Dumping data for table `production_company`
--

LOCK TABLES `production_company` WRITE;
/*!40000 ALTER TABLE `production_company` DISABLE KEYS */;
/*!40000 ALTER TABLE `production_company` ENABLE KEYS */;
UNLOCK TABLES;

--
-- Table structure for table `role`
--

DROP TABLE IF EXISTS `role`;
/*!40101 SET @saved_cs_client     = @@character_set_client */;
/*!50503 SET character_set_client = utf8mb4 */;
CREATE TABLE `role` (
  `role_id` int NOT NULL AUTO_INCREMENT,
  `role_name` varchar(50) NOT NULL,
  PRIMARY KEY (`role_id`)
) ENGINE=InnoDB AUTO_INCREMENT=7 DEFAULT CHARSET=utf8mb4 COLLATE=utf8mb4_0900_ai_ci;
/*!40101 SET character_set_client = @saved_cs_client */;

--
-- Dumping data for table `role`
--

LOCK TABLES `role` WRITE;
/*!40000 ALTER TABLE `role` DISABLE KEYS */;
INSERT INTO `role` VALUES (1,'Lead actor'),(2,'Lead actress'),(3,'Support actor'),(4,'Support actress'),(5,'Director'),(6,'Script Writer');
/*!40000 ALTER TABLE `role` ENABLE KEYS */;
UNLOCK TABLES;

--
-- Table structure for table `seasons`
--

DROP TABLE IF EXISTS `seasons`;
/*!40101 SET @saved_cs_client     = @@character_set_client */;
/*!50503 SET character_set_client = utf8mb4 */;
CREATE TABLE `seasons` (
  `season_id` int NOT NULL,
  `season_name` varchar(50) NOT NULL,
  `drama_id` int NOT NULL,
  PRIMARY KEY (`season_id`),
  KEY `fk_drama_id_idx` (`drama_id`),
  CONSTRAINT `fk_drama_id1` FOREIGN KEY (`drama_id`) REFERENCES `dramas` (`drama_id`)
) ENGINE=InnoDB DEFAULT CHARSET=utf8mb4 COLLATE=utf8mb4_0900_ai_ci;
/*!40101 SET character_set_client = @saved_cs_client */;

--
-- Dumping data for table `seasons`
--

LOCK TABLES `seasons` WRITE;
/*!40000 ALTER TABLE `seasons` DISABLE KEYS */;
INSERT INTO `seasons` VALUES (1,'season1',1),(2,'season2',1);
/*!40000 ALTER TABLE `seasons` ENABLE KEYS */;
UNLOCK TABLES;
/*!40103 SET TIME_ZONE=@OLD_TIME_ZONE */;

/*!40101 SET SQL_MODE=@OLD_SQL_MODE */;
/*!40014 SET FOREIGN_KEY_CHECKS=@OLD_FOREIGN_KEY_CHECKS */;
/*!40014 SET UNIQUE_CHECKS=@OLD_UNIQUE_CHECKS */;
/*!40101 SET CHARACTER_SET_CLIENT=@OLD_CHARACTER_SET_CLIENT */;
/*!40101 SET CHARACTER_SET_RESULTS=@OLD_CHARACTER_SET_RESULTS */;
/*!40101 SET COLLATION_CONNECTION=@OLD_COLLATION_CONNECTION */;
/*!40111 SET SQL_NOTES=@OLD_SQL_NOTES */;

-- Dump completed on 2020-10-19 15:00:50
